{
  "project_info": {
    "project_number": "235938449190",
    "project_id": "app1-45340",
    "storage_bucket": "app1-45340.appspot.com"
  },
  "client": [
    {
      "client_info": {
        "mobilesdk_app_id": "1:235938449190:android:fc9a187e27f7a710b2e3e7",
        "android_client_info": {
          "package_name": "me.lokmvne.app1"
        }
      },
      "oauth_client": [],
      "api_key": [
        {
          "current_key": "AIzaSyBA7Jpa4YeFbouRChhhp-9jzBqHyGWd4QE"
        }
      ],
      "services": {
        "appinvite_service": {
          "other_platform_oauth_client": []
        }
      }
    }
  ],
  "configuration_version": "1"
}